,ncalls,tottime,percall,cumtime,percall2,filename:lineno(function)
0,1,0.0,0.0,0.0,0.0, {built-in method builtins.iter}
1,1,0.0,0.0,0.0,0.0, argparse.py:2468(<listcomp>)
2,1,0.0,0.0,0.0,0.0, __init__.py:96(<lambda>)
3,1,0.0,0.0,0.0,0.0, {method 'groups' of 're.Match' objects}
4,1,0.0,0.0,0.0,0.0, {method 'write' of '_io.TextIOWrapper' objects}
5,1,0.0,0.0,0.0,0.0, argparse.py:134(_get_args)
6,1,0.0,0.0,0.0,0.0, context.py:213(_check_available)
7,2,0.0,0.0,0.0,0.0, selectors.py:200(__enter__)
8,2,0.0,0.0,0.0,0.0, {built-in method _stat.S_ISDIR}
9,1,0.0,0.0,0.0,0.0, {built-in method _imp.exec_dynamic}
10,3,0.0,0.0,0.0,0.0, spawn.py:45(get_executable)
11,4,0.0,0.0,0.0,0.0, <frozen importlib._bootstrap_external>:841(create_module)
12,4,0.0,0.0,0.0,0.0, connection.py:168(writable)
13,1,0.0,0.0,0.0,0.0, argparse.py:1295(__init__)
14,4,0.0,0.0,0.0,0.0, <frozen importlib._bootstrap_external>:1031(get_filename)
15,1,0.0,0.0,0.0,0.0, argparse.py:958(__call__)
16,2,0.0,0.0,0.0,0.0, process.py:205(daemon)
17,1,0.0,0.0,0.0,0.0, {method 'values' of 'dict' objects}
18,4,0.0,0.0,0.0,0.0, process.py:37(current_process)
19,4,0.0,0.0,0.0,0.0, sre_parse.py:163(__delitem__)
20,5,0.0,0.0,0.0,0.0, <frozen importlib._bootstrap>:406(has_location)
21,1,0.0,0.0,0.0,0.0, argparse.py:2177(<listcomp>)
22,2,0.0,0.0,0.0,0.0, process.py:213(authkey)
23,1,0.0,0.0,0.0,0.0, popen_spawn_posix.py:26(Popen)
24,1,0.0,0.0,0.0,0.0, {built-in method _imp.is_builtin}
25,1,0.0,0.0,0.0,0.0, {built-in method builtins.locals}
26,1,0.0,0.0,0.0,0.0, {method 'disable' of '_lsprof.Profiler' objects}
27,1,0.0,0.0,0.0,0.0, <frozen importlib._bootstrap_external>:175(_path_isabs)
28,4,0.0,0.0,0.0,0.0, {built-in method time.perf_counter_ns}
29,4,0.0,0.0,0.0,0.0, connection.py:139(_check_closed)
30,4,0.0,0.0,0.0,0.0, {built-in method builtins.id}
31,10,0.0,0.0,0.0,0.0, {built-in method builtins.ord}
32,3,0.0,0.0,0.0,0.0, {method 'index' of 'str' objects}
33,7,0.0,0.0,0.0,0.0, storage.py:13(__init__)
34,7,0.0,0.0,0.0,0.0, argparse.py:613(<listcomp>)
35,2,0.0,0.0,0.0,0.0, {method '_weak_ref' of 'torch._C.HalfStorageBase' objects}
36,2,0.0,0.0,0.0,0.0, {method 'size' of 'torch._C.HalfStorageBase' objects}
37,5,0.0,0.0,0.0,0.0, {method 'get' of 'mappingproxy' objects}
38,4,0.0,0.0,0.0,0.0, connection.py:163(readable)
39,6,0.0,0.0,0.0,0.0, util.py:44(sub_debug)
40,2,0.0,0.0,0.0,0.0, argparse.py:579(<listcomp>)
41,8,0.0,0.0,0.0,0.0, <frozen importlib._bootstrap_external>:68(_relax_case)
42,4,0.0,0.0,0.0,0.0, {method 'decode' of 'bytes' objects}
43,1,0.0,0.0,0.0,0.0, codecs.py:186(__init__)
44,1,0.0,0.0,0.0,0.0, argparse.py:1817(<listcomp>)
45,2,0.0,0.0,0.0,0.0, {method 'index' of 'list' objects}
46,4,0.0,0.0,0.0,0.0, {method 'find' of 'bytearray' objects}
47,2,0.0,0.0,0.0,0.0, {built-in method torch._C._cuda_getDeviceCount}
48,15,0.0,0.0,0.0,0.0, {method 'isalnum' of 'str' objects}
49,10,0.0,0.0,0.0,0.0, sre_compile.py:477(_get_iscased)
50,7,0.0,0.0,0.0,0.0, {method 'clear' of 'list' objects}
51,12,0.0,0.0,0.0,0.0, {method 'items' of 'dict' objects}
52,7,0.0,0.0,0.0,0.0, serialization.py:205(__exit__)
53,2,0.0,0.0,0.0,0.0, {method 'clear' of 'dict' objects}
54,10,0.0,0.0,0.0,0.0, {built-in method _thread.get_ident}
55,1,0.0,0.0,0.0,0.0, argparse.py:2173(<listcomp>)
56,12,0.0,0.0,0.0,0.0, {method 'group' of 're.Match' objects}
57,9,0.0,0.0,0.0,0.0, sre_parse.py:169(__setitem__)
58,1,0.0,0.0,0.0,0.0, resource_tracker.py:46(ResourceTracker)
59,4,0.0,0.0,0.0,0.0, util.py:48(debug)
60,5,0.0,0.0,0.0,0.0, {built-in method _imp.is_frozen}
61,1,0.0,0.0,0.0,0.0, popen_spawn_posix.py:16(_DupFd)
62,2,0.0,0.0,0.0,0.0, utils.py:280(__init__)
63,1,0.0,0.0,0.0,0.0, resource_tracker.py:48(__init__)
64,14,0.0,0.0,0.0,0.0, {method 'lower' of 'str' objects}
65,12,0.0,0.0,0.0,0.0, {method '_weak_ref' of 'torch._C.LongStorageBase' objects}
66,2,0.0,0.0,0.0,0.0, {built-in method posix.waitstatus_to_exitcode}
67,13,0.0,0.0,0.0,0.0, argparse.py:2501(_check_value)
68,7,0.0,0.0,0.0,0.0, sre_compile.py:81(_combine_flags)
69,9,0.0,0.0,0.0,0.0, {method 'keys' of 'dict' objects}
70,4,0.0,0.0,0.0,0.0, {method 'discard' of 'set' objects}
71,2,0.0,0.0,0.0,0.0, {method 'copy' of 'list' objects}
72,1,0.0,0.0,0.0,0.0, argparse.py:1816(_get_positional_actions)
73,1,0.0,0.0,0.0,0.0, <frozen importlib._bootstrap_external>:1155(__init__)
74,12,0.0,0.0,0.0,0.0, {built-in method from_bytes}
75,18,0.0,0.0,0.0,0.0, {method 'find' of 'str' objects}
76,12,0.0,0.0,0.0,0.0, {method 'size' of 'torch._C.LongStorageBase' objects}
77,23,0.0,0.0,0.0,0.0, {method 'reverse' of 'list' objects}
78,5,0.0,0.0,0.0,0.0, <frozen importlib._bootstrap>:152(__init__)
79,14,0.0,0.0,0.0,0.0, {method 'remove' of 'list' objects}
80,4,0.0,0.0,0.0,0.0, {built-in method _imp._fix_co_filename}
81,1,0.0,0.0,0.0,0.0, main.py:69(get_model_type)
82,7,0.0,0.0,0.0,0.0, {built-in method torch._C._has_torch_function_unary}
83,4,0.0,0.0,0.0,0.0, {built-in method _weakref._remove_dead_weakref}
84,1,0.0,0.0,0.0,0.0, {built-in method posix.uname}
85,7,0.0,0.0,0.0,0.0, {built-in method _free_weak_ref}
86,2,0.0,0.0,0.0,0.0, selectors.py:276(_key_from_fd)
87,4,0.0,0.0,0.0,0.0, __init__.py:464(__getnewargs__)
88,6,0.0,0.0,0.0,0.0, spawn.py:87(<genexpr>)
89,1,0.0,0.0,0.0,0.0, {built-in method _locale.nl_langinfo}
90,2,0.0,0.0,0.0,0.0, sre_compile.py:456(_generate_overlap_table)
91,14,0.0,0.0,0.0,0.0, {method 'storage_offset' of 'torch._C._TensorBase' objects}
92,3,0.0,0.0,0.0,0.0, selectors.py:21(_fileobj_to_fd)
93,32,0.0,0.0,0.0,0.0, {method 'bit_length' of 'int' objects}
94,1,0.0,0.0,0.0,0.0, popen_fork.py:12(Popen)
95,12,0.0,0.0,0.0,0.0, {method 'split' of 'str' objects}
96,2,0.0,0.0,0.0,0.0, argparse.py:1517(_get_positional_kwargs)
97,5,0.0,0.0,0.0,0.0, <frozen importlib._bootstrap>:736(find_spec)
98,2,0.0,0.0,0.0,0.0, {method 'write' of '_io.BufferedWriter' objects}
99,6,0.0,0.0,0.0,0.0, {built-in method _sre.compile}
100,1,0.0,0.0,0.0,0.0, __init__.py:74(is_available)
101,2,0.0,0.0,0.0,0.0, context.py:249(get_start_method)
102,2,0.0,0.0,0.0,0.0, utils.py:284(__enter__)
103,30,0.0,0.0,0.0,0.0, {built-in method _imp.release_lock}
104,3,0.0,0.0,0.0,0.0, sre_compile.py:516(_get_charset_prefix)
105,1,0.0,0.0,0.0,0.0, <frozen importlib._bootstrap_external>:1179(exec_module)
106,32,0.0,0.0,0.0,0.0, {method 'add' of 'set' objects}
107,3,0.0,0.0,0.0,0.0, {method 'register' of 'select.poll' objects}
108,43,0.0,0.0,0.0,0.0, {method 'setdefault' of 'dict' objects}
109,4,0.0,0.0,0.0,0.0, context.py:197(get_start_method)
110,1,0.0,0.0,0.0,0.0, posixpath.py:140(basename)
111,4,0.0,0.0,0.0,0.0, connection.py:173(fileno)
112,2,0.0,0.0,0.0,0.0, connection.py:938(<listcomp>)
113,2,0.0,0.0,0.0,0.0, selectors.py:64(__init__)
114,2,0.0,0.0,0.0,0.0, utils.py:289(stop)
115,1,0.0,0.0,0.0,0.0, argparse.py:1086(__init__)
116,4,0.0,0.0,0.0,0.0, <frozen importlib._bootstrap>:35(_new_module)
117,7,0.0,0.0,0.0,0.0, {method 'seek' of '_io.BufferedReader' objects}
118,7,0.0,0.0,0.0,0.0, context.py:187(get_context)
119,14,0.0,0.0,0.0,0.0, serialization.py:202(__enter__)
120,6,0.0,0.0,0.0,0.0, sre_parse.py:76(__init__)
121,6,0.0,0.0,0.0,0.0, context.py:357(assert_spawning)
122,2,0.0,0.0,0.0,0.0, process.py:247(sentinel)
123,8,0.0,0.0,0.0,0.0, process.py:99(_check_closed)
124,11,0.0,0.0,0.0,0.0, {method 'extend' of 'list' objects}
125,7,0.0,0.0,0.0,0.0, serialization.py:815(_get_restore_location)
126,2,0.0,0.0,0.0,0.0, _weakrefset.py:39(_remove)
127,4,0.0,0.0,0.0,0.0, os.py:758(decode)
128,3,0.0,0.0,0.0,0.0, subprocess.py:272(_optim_args_from_interpreter_flags)
129,2,0.0,0.0,0.0,0.0, {built-in method posix.putenv}
130,1,0.0,0.0,0.0,0.0, __init__.py:451(device_count)
131,2,0.0,0.0,0.0,0.0, {method 'getbuffer' of '_io.BytesIO' objects}
132,13,0.0,0.0,0.0,0.0, posixpath.py:41(_get_sep)
133,18,0.0,0.0,0.0,0.0, popen_spawn_posix.py:17(__init__)
134,7,0.0,0.0,0.0,0.0, serialization.py:126(_cpu_deserialize)
135,3,0.0,0.0,0.0,0.0, argparse.py:1571(_get_handler)
136,6,0.0,0.0,0.0,0.0, sre_parse.py:928(fix_flags)
137,21,0.0,0.0,0.0,0.0, __init__.py:62(get_sharing_strategy)
138,4,0.0,0.0,0.0,0.0, process.py:94(<genexpr>)
139,11,0.0,0.0,0.0,0.0, {built-in method _thread.allocate_lock}
140,13,0.0,0.0,0.0,0.0, pathlib.py:102(join_parsed_parts)
141,37,0.0,0.0,0.0,0.0, {method 'isidentifier' of 'str' objects}
142,4,0.0,0.0,0.0,0.0, synchronize.py:90(_make_methods)
143,2,0.0,0.0,0.0,0.0, {built-in method posix.getcwd}
144,4,0.0,0.0,0.0,0.0, <frozen importlib._bootstrap_external>:523(_check_name_wrapper)
145,2,0.0,0.0,0.0,0.0, spawn.py:132(_check_not_importing_main)
146,5,0.0,0.0,0.0,0.0, <frozen importlib._bootstrap>:811(find_spec)
147,1,0.0,0.0,0.0,0.0, argparse.py:131(_get_kwargs)
148,9,0.0,0.0,0.0,0.0, <frozen importlib._bootstrap_external>:1346(_path_importer_cache)
149,14,0.0,0.0,0.0,0.0, hooks.py:54(warn_if_has_hooks)
150,4,0.0,0.0,0.0,0.0, sre_compile.py:265(_compile_charset)
151,25,0.0,0.0,0.0,0.0, argparse.py:2183(_parse_optional)
152,38,0.0,0.0,0.0,0.0, enum.py:792(value)
153,20,0.0,0.0,0.0,0.0, sre_parse.py:82(groups)
154,3,0.0,0.0,0.0,0.0, selectors.py:216(_fileobj_lookup)
155,3,0.0,0.0,0.0,0.0, <string>:1(<lambda>)
156,2,0.0,0.0,0.0,0.0, queues.py:355(__getstate__)
157,13,0.0,0.0,0.0,0.0, argparse.py:935(__call__)
158,1,0.0,0.0,0.0,0.0, context.py:233(get_context)
159,14,0.0,0.0,0.0,0.0, {method 'has_names' of 'torch._C._TensorBase' objects}
160,2,0.0,0.0,0.0,0.0, process.py:189(name)
161,12,0.0,0.0,0.0,0.0, sre_compile.py:619(isstring)
162,7,0.0,0.0,0.0,0.0, serialization.py:314(_check_dill_version)
163,7,0.0,0.0,0.0,0.0, reductions.py:35(__del__)
164,55,0.0,0.0,0.0,0.0, {method 'getrandbits' of '_random.Random' objects}
165,2,0.0,0.0,0.0,0.0, {built-in method select.poll}
166,4,0.0,0.0,0.0,0.0, sre_parse.py:85(opengroup)
167,5,0.0,0.0,0.0,0.0, <frozen importlib._bootstrap>:351(__init__)
168,21,0.0,0.0,0.0,0.0, sre_parse.py:112(__init__)
169,88,0.0,0.0,0.0,0.0, {method 'rstrip' of 'str' objects}
170,2,0.0,0.0,0.0,0.0, process.py:224(exitcode)
171,4,0.0,0.0,0.0,0.0, weakref.py:353(__init__)
172,14,0.0,0.0,0.0,0.0, serialization.py:803(_maybe_decode_ascii)
173,48,0.0,0.0,0.0,0.0, {built-in method posix.fspath}
174,13,0.0,0.0,0.0,0.0, argparse.py:2044(<listcomp>)
175,2,0.0,0.0,0.0,0.0, resource_tracker.py:66(getfd)
176,41,0.0,0.0,0.0,0.0, {method 'startswith' of 'str' objects}
177,5,0.0,0.0,0.0,0.0, <frozen importlib._bootstrap>:185(cb)
178,7,0.0,0.0,0.0,0.0, serialization.py:869(UnpicklerWrapper)
179,17,0.0,0.0,0.0,0.0, pathlib.py:1089(_init)
180,4,0.0,0.0,0.0,0.0, {built-in method builtins.sorted}
181,20,0.0,0.0,0.0,0.0, <frozen importlib._bootstrap>:878(__exit__)
182,20,0.0,0.0,0.0,0.0, <frozen importlib._bootstrap>:874(__enter__)
183,28,0.0,0.0,0.0,0.0, sre_parse.py:250(match)
184,4,0.0,0.0,0.0,0.0, context.py:354(set_spawning_popen)
185,42,0.0,0.0,0.0,0.0, {method 'endswith' of 'str' objects}
186,40,0.0,0.0,0.0,0.0, {method 'lstrip' of 'str' objects}
187,18,0.0,0.0,0.0,0.0, popen_spawn_posix.py:34(duplicate_for_child)
188,2,0.0,0.0,0.0,0.0, {built-in method _signal.pthread_sigmask}
189,34,0.0,0.0,0.0,0.0, {method '__exit__' of '_thread.lock' objects}
190,1,0.0,0.0,0.0,0.0, _bootlocale.py:33(getpreferredencoding)
191,8,0.0,0.0,0.0,0.0, sre_parse.py:356(_escape)
192,39,0.0,0.0,0.0,0.0, {method 'fileno' of '_io.TextIOWrapper' objects}
193,6,0.0,0.0,0.0,0.0, argparse.py:941(__init__)
194,92,0.0,0.0,0.0,0.0, {built-in method builtins.callable}
195,26,0.0,0.0,0.0,0.0, {built-in method posix.getpid}
196,4,0.0,0.0,0.0,0.0, <frozen importlib._bootstrap_external>:593(_validate_timestamp_pyc)
197,23,0.0,0.0,0.0,0.0, sre_parse.py:287(tell)
198,28,0.0,0.0,0.0,0.0, sre_parse.py:173(append)
199,30,0.0,0.0,0.0,0.0, {built-in method _imp.acquire_lock}
200,81,0.0,0.0,0.0,0.0, {method 'pop' of 'dict' objects}
201,2,0.0,0.0,0.0,0.0, pathlib.py:1434(is_dir)
202,29,0.0,0.0,0.0,0.0, {built-in method sys.intern}
203,4,0.0,0.0,0.0,0.0, <frozen importlib._bootstrap_external>:1006(__init__)
204,28,0.0,0.0,0.0,0.0, {built-in method __new__ of type object at 0x56083c0b32c0}
205,66,0.0,0.0,0.0,0.0, {method 'replace' of 'str' objects}
206,2,0.0,0.0,0.0,0.0, pathlib.py:677(__reduce__)
207,4,0.0,0.0,0.0,0.0, connection.py:365(_close)
208,3,0.0,0.0,0.0,0.0, os.py:804(fsencode)
209,5,0.0,0.0,0.0,0.0, <frozen importlib._bootstrap>:112(release)
210,2,0.0,0.0,0.0,0.0, util.py:461(close_fds)
211,14,0.0,0.0,0.0,0.0, serialization.py:199(__init__)
212,7,0.0,0.0,0.0,0.0, serialization.py:193(_is_path)
213,4,0.0,0.0,0.0,0.0, synchronize.py:100(__getstate__)
214,38,0.0,0.0,0.0,0.0, argparse.py:203(__init__)
215,9,0.0,0.0,0.0,0.0, sre_compile.py:447(_simple)
216,7/5,0.0,0.0,0.0,0.0, sre_compile.py:485(_get_literal_prefix)
217,7,0.0,0.0,0.0,0.0, _utils.py:158(_validate_loaded_sparse_tensors)
218,2,0.0,0.0,0.0,0.0, _weakrefset.py:86(add)
219,12,0.0,0.0,0.0,0.0, <frozen importlib._bootstrap_external>:79(_unpack_uint32)
220,4,0.0,0.0,0.0,0.0, sre_compile.py:292(_optimize_charset)
221,3,0.0,0.0,0.0,0.0, __init__.py:43(normalize_encoding)
222,45,0.0,0.0,0.0,0.0, sre_parse.py:161(__len__)
223,4,0.0,0.0,0.0,0.0, weakref.py:348(__new__)
224,47,0.0,0.0,0.0,0.0, <frozen importlib._bootstrap>:231(_verbose_message)
225,4,0.0,0.0,0.0,0.0, sre_parse.py:97(closegroup)
226,2,0.0,0.0,0.0,0.0, os.py:682(__setitem__)
227,14,0.0,0.0,0.0,0.0, argparse.py:2286(_get_nargs_pattern)
228,28,0.0,0.0,0.0,0.0, context.py:351(get_spawning_popen)
229,14,0.0,0.0,0.0,0.0, {method 'stride' of 'torch._C._TensorBase' objects}
230,11,0.0,0.0,0.0,0.0, {method 'format' of 'str' objects}
231,38,0.0,0.0,0.0,0.0, argparse.py:1580(_check_conflict)
232,2,0.0,0.0,0.0,0.0, utils.py:234(__str__)
233,6,0.0,0.0,0.0,0.0, argparse.py:964(__init__)
234,5,0.0,0.0,0.0,0.0, __init__.py:89(find_spec)
235,1,0.0,0.0,0.0,0.0, spawn.py:73(<dictcomp>)
236,2,0.0,0.0,0.0,0.0, selectors.py:269(close)
237,1,0.0,0.0,0.0,0.0, {method 'long' of 'torch._C._TensorBase' objects}
238,4,0.0,0.0,0.0,0.0, connection.py:122(__init__)
239,38,0.0,0.0,0.0,0.0, argparse.py:575(_metavar_formatter)
240,4,0.0,0.0,0.0,0.0, weakref.py:106(remove)
241,5,0.0,0.0,0.0,0.0, <frozen importlib._bootstrap>:160(__exit__)
242,4,0.0,0.0,0.0,0.0, <frozen importlib._bootstrap_external>:1077(path_stats)
243,19,0.0,0.0,0.0,0.0, pathlib.py:303(splitroot)
244,37,0.0,0.0,0.0,0.0, argparse.py:1363(register)
245,9,0.0,0.0,0.0,0.0, {method 'rfind' of 'str' objects}
246,5,0.0,0.0,0.0,0.0, <frozen importlib._bootstrap>:87(acquire)
247,2,0.0,0.0,0.0,0.0, process.py:61(_cleanup)
248,1,0.0,0.0,0.0,0.0, ddp.py:12(set_master)
249,38,0.0,0.0,0.0,0.0, argparse.py:584(format)
250,2,0.0,0.0,0.0,0.0, selectors.py:203(__exit__)
251,101,0.0,0.0,0.0,0.0, {built-in method builtins.min}
252,1,0.0,0.0,0.0,0.0, {function Random.seed at 0x1529fd962820}
253,4,0.0,0.0,0.0,0.0, <frozen importlib._bootstrap_external>:560(_classify_pyc)
254,7,0.0,0.0,0.0,0.0, serialization.py:173(default_restore_location)
255,14,0.0,0.0,0.0,0.0, enum.py:670(__new__)
256,5,0.0,0.0,0.0,0.0, <frozen importlib._bootstrap>:58(__init__)
257,104,0.0,0.0,0.0,0.0, {method 'encode' of 'str' objects}
258,14,0.0,0.0,0.0,0.0, _namedtensor_internals.py:10(check_serializing_named_tensor)
259,4,0.0,0.0,0.0,0.0, {built-in method _multiprocessing.sem_unlink}
260,6,0.0,0.0,0.0,0.0, sre_parse.py:225(__init__)
261,9,0.0,0.0,0.0,0.0, resource_tracker.py:134(_check_alive)
262,10,0.0,0.0,0.0,0.0, pathlib.py:725(_format_parsed_parts)
263,4,0.0,0.0,0.0,0.0, connection.py:135(__del__)
264,50,0.0,0.0,0.0,0.0, {method 'match' of 're.Pattern' objects}
265,16,0.0,0.0,0.0,0.0, argparse.py:2475(_get_value)
266,38,0.0,0.0,0.0,0.0, types.py:171(__get__)
267,14,0.0,0.0,0.0,0.0, {method 'tell' of '_io.BufferedReader' objects}
268,16,0.0,0.0,0.0,0.0, <frozen importlib._bootstrap_external>:129(<genexpr>)
269,34,0.0,0.0,0.0,0.0, sre_parse.py:255(get)
270,17,0.0,0.0,0.0,0.0, {built-in method posix.write}
271,5,0.0,0.0,0.0,0.0, copyreg.py:103(_slotnames)
272,4,0.0,0.0,0.0,0.0, process.py:344(__reduce__)
273,58,0.0,0.0,0.0,0.0, {built-in method builtins.setattr}
274,1,0.0,0.0,0.0,0.0, {method 'to' of 'torch._C._TensorBase' objects}
275,6,0.0,0.0,0.0,0.0, enum.py:977(__and__)
276,4,0.0,0.0,0.0,0.0, {method 'flush' of '_io.TextIOWrapper' objects}
277,1,0.0,0.0,0.0,0.0, spawn.py:11(<module>)
278,5,0.0,0.0,0.0,0.0, <frozen importlib._bootstrap_external>:696(spec_from_file_location)
279,167,0.0,0.0,0.0,0.0, {method 'get' of 'dict' objects}
280,1,0.0,0.0,0.0,0.0, random.py:126(seed)
281,4,0.0,0.0,0.0,0.0, connection.py:972(reduce_connection)
282,77,0.0,0.0,0.0,0.0, {method 'rpartition' of 'str' objects}
283,45,0.0,0.0,0.0,0.0, sre_parse.py:234(__next)
284,2,0.0,0.0,0.0,0.0, selectors.py:210(__init__)
285,13,0.0,0.0,0.0,0.0, pathlib.py:715(_from_parsed_parts)
286,38,0.0,0.0,0.0,0.0, argparse.py:820(__init__)
287,1,0.0,0.0,0.0,0.0, random.py:117(__init__)
288,1,0.0,0.0,0.0,0.0, popen_fork.py:1(<module>)
289,40,0.0,0.0,0.0,0.0, <frozen importlib._bootstrap_external>:123(<listcomp>)
290,12,0.0,0.0,0.0,0.0, _collections_abc.py:760(get)
291,14,0.0,0.0,0.0,0.0, reductions.py:26(__init__)
292,14,0.0,0.0,0.0,0.0, {method 'size' of 'torch._C._TensorBase' objects}
293,3,0.0,0.0,0.0,0.0, locale.py:352(_replace_encoding)
294,6,0.0,0.0,0.0,0.0, {method 'copy' of 'dict' objects}
295,1,0.0,0.0,0.0,0.0, spawn.py:70(__init__)
296,2,0.0,0.0,0.0,0.0, argparse.py:1620(__init__)
297,92,0.0,0.0,0.0,0.0, argparse.py:1367(_registry_get)
298,49,0.0,0.0,0.0,0.0, {built-in method builtins.max}
299,139,0.0,0.0,0.0,0.0, {built-in method builtins.hasattr}
300,3,0.0,0.0,0.0,0.0, selectors.py:235(register)
301,25/10,0.0,0.0,0.0,0.0, sre_parse.py:175(getwidth)
302,38,0.0,0.0,0.0,0.0, argparse.py:1567(_pop_action_class)
303,2,0.0,0.0,0.0,0.0, argparse.py:1443(add_argument_group)
304,10,0.0,0.0,0.0,0.0, {built-in method posix.pipe}
305,84,0.0,0.0,0.0,0.0, {method 'join' of 'str' objects}
306,30,0.0,0.0,0.0,0.0, argparse.py:906(__init__)
307,8,0.0,0.0,0.0,0.0, <frozen importlib._bootstrap_external>:127(_path_split)
308,113,0.0,0.0,0.0,0.0, sre_parse.py:165(__getitem__)
309,2,0.0,0.0,0.0,0.0, utils.py:292(__exit__)
310,4,0.0,0.0,0.0,0.0, resource_tracker.py:149(unregister)
311,13,0.0,0.0,0.0,0.0, pathlib.py:742(__str__)
312,38,0.0,0.0,0.0,0.0, {built-in method posix.get_terminal_size}
313,7,0.0,0.0,0.0,0.0, serialization.py:889(_is_torchscript_zip)
314,12,0.0,0.0,0.0,0.0, posixpath.py:71(join)
315,14,0.0,0.0,0.0,0.0, reductions.py:59(__setitem__)
316,96,0.0,0.0,0.0,0.0, {built-in method builtins.getattr}
317,14,0.0,0.0,0.0,0.0, enum.py:358(__call__)
318,3,0.0,0.0,0.0,0.0, subprocess.py:282(_args_from_interpreter_flags)
319,32,0.0,0.0,0.0,0.0, random.py:237(_randbelow_with_getrandbits)
320,18,0.0,0.0,0.0,0.0, reduction.py:191(DupFd)
321,1,0.0,0.0,0.0,0.0, argparse.py:116(__repr__)
322,2,0.0,0.0,0.0,0.0, util.py:433(_flush_std_streams)
323,2,0.0,0.0,0.0,0.0, connection.py:521(Pipe)
324,14,0.0,0.0,0.0,0.0, argparse.py:2419(_get_values)
325,591,0.0,0.0,0.0,0.0, {method 'append' of 'list' objects}
326,422/401,0.0,0.0,0.0,0.0, {built-in method builtins.len}
327,19,0.0,0.0,0.0,0.0, {built-in method posix.close}
328,1,0.0,0.0,0.0,0.0, {built-in method builtins.repr}
329,6,0.0,0.0,0.0,0.0, locale.py:386(normalize)
330,4,0.0,0.0,0.0,0.0, tempfile.py:138(rng)
331,13,0.0,0.0,0.0,0.0, pathlib.py:752(__fspath__)
332,2,0.0,0.0,0.0,0.0, signal.py:24(_int_to_enum)
333,3,0.0,0.0,0.0,0.0, selectors.py:352(register)
334,5,0.0,0.0,0.0,0.0, <frozen importlib._bootstrap_external>:1509(_get_spec)
335,2,0.0,0.0,0.0,0.0, selectors.py:348(__init__)
336,4,0.0,0.0,0.0,0.0, weakref.py:165(__setitem__)
337,8,0.0,0.0,0.0,0.0, {built-in method builtins.print}
338,2,0.0,0.0,0.0,0.0, spawn.py:150(get_preparation_data)
339,93,0.0,0.0,0.0,0.0, os.py:754(encode)
340,52,0.0,0.0,0.0,0.0, <frozen importlib._bootstrap>:398(parent)
341,4,0.0,0.0,0.0,0.0, pathlib.py:702(_from_parts)
342,40,0.0,0.0,0.0,0.0, <frozen importlib._bootstrap_external>:121(_path_join)
343,4,0.0,0.0,0.0,0.0, signal.py:70(<genexpr>)
344,15,0.0,0.0,0.0,0.0, {function _load.<locals>.UnpicklerWrapper.find_class at 0x1528e48384c0}
345,5,0.0,0.0,0.0,0.0, <frozen importlib._bootstrap>:166(_get_module_lock)
346,2,0.0,0.0,0.0,0.0, spawn.py:78(get_command_line)
347,548,0.0,0.0,0.0,0.0, {built-in method builtins.isinstance}
348,4,0.0,0.0,0.0,0.0, pathlib.py:1079(__new__)
349,6,0.0,0.0,0.0,0.0, sre_compile.py:560(_compile_info)
350,38,0.0,0.0,0.0,0.0, argparse.py:591(_format_args)
351,5,0.0,0.0,0.0,0.0, <frozen importlib._bootstrap_external>:491(_get_cached)
352,38,0.0,0.0,0.0,0.0, argparse.py:1453(_add_action)
353,7,0.0,0.0,0.0,0.0, {method 'update' of 'dict' objects}
354,2,0.0,0.0,0.0,0.0, main.py:91(get_job_dir)
355,14,0.0,0.0,0.0,0.0, argparse.py:1917(take_action)
356,6,0.0,0.0,0.0,0.0, gettext.py:211(_expand_lang)
357,4,0.0,0.0,0.0,0.0, util.py:171(register_after_fork)
358,9,0.0,0.0,0.0,0.0, <frozen importlib._bootstrap>:385(cached)
359,32,0.0,0.0,0.0,0.0, random.py:343(choice)
360,8,0.0,0.0,0.0,0.0, <frozen importlib._bootstrap_external>:361(cache_from_source)
361,5,0.0,0.0,0.0,0.0, <frozen importlib._bootstrap>:156(__enter__)
362,2,0.0,0.0,0.0,0.0, signal.py:67(pthread_sigmask)
363,17,0.0,0.0,0.0,0.0, pathlib.py:64(parse_parts)
364,15,0.0,0.0,0.0,0.0, serialization.py:873(find_class)
365,4,0.0,0.0,0.0,0.0, synchronize.py:84(_cleanup)
366,5,0.0,0.0,0.0,0.0, <frozen importlib._bootstrap_external>:145(_path_is_mode_type)
367,4,0.0,0.0,0.0,0.0, tempfile.py:152(<listcomp>)
368,38,0.0,0.0,0.0,0.0, argparse.py:1642(_add_action)
369,21/6,0.0,0.0,0.0,0.0, sre_compile.py:87(_compile)
370,5,0.0,0.0,0.0,0.0, <frozen importlib._bootstrap_external>:154(_path_isfile)
371,6,0.0,0.0,0.0,0.0, util.py:186(__init__)
372,89,0.0,0.0,0.0,0.0, os.py:674(__getitem__)
373,5,0.0,0.0,0.0,0.0, <frozen importlib._bootstrap>:486(_init_module_attrs)
374,38,0.0,0.0,0.0,0.0, argparse.py:1804(_add_action)
375,4,0.0,0.0,0.0,0.0, reduction.py:38(__init__)
376,6,0.0,0.0,0.0,0.0, util.py:205(__call__)
377,2,0.0,0.0,0.0,0.0, process.py:80(__init__)
378,36,0.0,0.0,0.0,0.0, argparse.py:1533(_get_optional_kwargs)
379,12,0.0,0.0,0.0,0.0, argparse.py:2145(_match_argument)
380,17,0.0,0.0,0.0,0.0, <frozen importlib._bootstrap_external>:135(_path_stat)
381,17,0.0,0.0,0.0,0.0, pathlib.py:682(_parse_args)
382,14,0.0,0.0,0.0,0.0, {built-in method posix.fstat}
383,2,0.0,0.0,0.0,0.0, argparse.py:2167(_match_arguments_partial)
384,14,0.0,0.0,0.0,0.0, reductions.py:273(fd_id)
385,14,0.0,0.0,0.0,0.0, reductions.py:137(reduce_tensor)
386,13,0.0,0.0,0.0,0.0, pathlib.py:736(_make_child)
387,6,0.0,0.0,0.0,0.0, sre_compile.py:622(_code)
388,2,0.0,0.0,0.0,0.0, argparse.py:2015(consume_positionals)
389,13,0.0,0.0,0.0,0.0, pathlib.py:966(joinpath)
390,4,0.0,0.0,0.0,0.0, tempfile.py:149(__next__)
391,11,0.0,0.0,0.0,0.0, {built-in method builtins.__build_class__}
392,4,0.0,0.0,0.0,0.0, {built-in method marshal.loads}
393,11/7,0.0,0.0,0.0,0.0, sre_parse.py:494(_parse)
394,12,0.0,0.0,0.0,0.0, argparse.py:1938(consume_optional)
395,16,0.0,0.0,0.0,0.0, {built-in method builtins.next}
396,4,0.0,0.0,0.0,0.0, <frozen importlib._bootstrap_external>:645(_compile_bytecode)
397,3,0.0,0.0,0.0,0.0, argparse.py:1310(__init__)
398,10/6,0.0,0.0,0.0,0.0, sre_parse.py:436(_parse_sub)
399,38,0.0,0.0,0.0,0.0, shutil.py:1342(get_terminal_size)
400,4,0.0,0.0,0.0,0.0, __init__.py:7(_make_name)
401,13,0.0,0.0,0.0,0.0, re.py:188(match)
402,1,0.0,0.0,0.0,0.0, {built-in method posix.open}
403,2,0.0,0.0,0.0,0.0, pathlib.py:1419(exists)
404,1,0.0,0.0,0.0,0.0, pathlib.py:1118(_opener)
405,4,0.0,0.0,0.0,0.0, pathlib.py:1227(stat)
406,6,0.0,0.0,0.0,0.0, sre_parse.py:944(parse)
407,1,0.0,0.0,0.0,0.0, {built-in method posix.listdir}
408,1,0.0,0.0,0.0,0.0, pathlib.py:1246(open)
409,8,0.0,0.0,0.0,0.0, <frozen importlib._bootstrap_external>:1514(find_spec)
410,28,0.0,0.0,0.0,0.0, {method 'storage' of 'torch._C._TensorBase' objects}
411,1,0.0,0.0,0.0,0.0, ddp.py:27(get_ddp_config)
412,5,0.0,0.0,0.0,0.0, <frozen importlib._bootstrap_external>:1383(_get_spec)
413,5,0.0,0.0,0.0,0.0, <frozen importlib._bootstrap_external>:1415(find_spec)
414,14,0.0,0.0,0.0,0.0, reductions.py:314(reduce_storage)
415,79,0.0,0.0,0.0,0.0, re.py:250(compile)
416,1,0.001,0.001,0.001,0.001, {built-in method _imp.create_dynamic}
417,1,0.0,0.0,0.001,0.001, <frozen importlib._bootstrap_external>:1171(create_module)
418,1,0.0,0.0,0.001,0.001, argparse.py:1870(_parse_known_args)
419,5,0.0,0.0,0.001,0.0, <frozen importlib._bootstrap>:901(_find_spec)
420,6,0.0,0.0,0.001,0.0, sre_compile.py:783(compile)
421,1,0.0,0.0,0.001,0.001, argparse.py:1831(parse_known_args)
422,1,0.0,0.0,0.001,0.001, argparse.py:1824(parse_args)
423,5,0.0,0.0,0.001,0.0, <frozen importlib._bootstrap>:558(module_from_spec)
424,38,0.0,0.0,0.001,0.0, argparse.py:161(__init__)
425,12,0.0,0.0,0.001,0.0, genericpath.py:16(exists)
426,38,0.0,0.0,0.001,0.0, argparse.py:2541(_get_formatter)
427,92,0.0,0.0,0.001,0.0, re.py:289(_compile)
428,3,0.0,0.0,0.001,0.0, gettext.py:542(find)
429,3,0.0,0.0,0.001,0.0, gettext.py:583(translation)
430,3,0.0,0.0,0.001,0.0, gettext.py:664(dgettext)
431,3,0.0,0.0,0.001,0.0, gettext.py:741(gettext)
432,7,0.0,0.0,0.001,0.0, serialization.py:210(__init__)
433,7,0.001,0.0,0.001,0.0, {method 'close' of '_io.BufferedReader' objects}
434,7,0.0,0.0,0.001,0.0, serialization.py:213(__exit__)
435,7,0.0,0.0,0.001,0.0, serialization.py:228(_open_file_like)
436,33,0.001,0.0,0.001,0.0, {built-in method posix.stat}
437,4,0.0,0.0,0.001,0.0, {method 'dump' of '_pickle.Pickler' objects}
438,1,0.0,0.0,0.001,0.001, resource_tracker.py:18(<module>)
439,7,0.001,0.0,0.001,0.0, {method '__exit__' of '_io._IOBase' objects}
440,38,0.0,0.0,0.001,0.0, argparse.py:1392(add_argument)
441,4,0.0,0.0,0.001,0.0, reduction.py:58(dump)
442,1,0.0,0.0,0.001,0.001, argparse.py:1693(__init__)
443,10,0.001,0.0,0.001,0.0, {built-in method io.open}
444,7,0.002,0.0,0.002,0.0, {built-in method tensor}
445,7,0.002,0.0,0.002,0.0, serialization.py:241(__init__)
446,1,0.0,0.0,0.003,0.003, parser.py:15(make_parser)
447,4,0.003,0.001,0.003,0.001, {built-in method io.open_code}
448,1,0.0,0.0,0.003,0.003, popen_spawn_posix.py:1(<module>)
449,7,0.003,0.0,0.003,0.0, {method 'set_' of 'torch._C._TensorBase' objects}
450,2,0.0,0.0,0.004,0.002, {built-in method builtins.__import__}
451,32/28,0.0,0.0,0.004,0.0, <frozen importlib._bootstrap>:1033(_handle_fromlist)
452,4/2,0.0,0.0,0.005,0.002, {built-in method builtins.exec}
453,8/2,0.0,0.0,0.005,0.002, <frozen importlib._bootstrap>:220(_call_with_frames_removed)
454,7,0.0,0.0,0.005,0.001, _utils.py:130(_rebuild_tensor)
455,7,0.0,0.0,0.005,0.001, _utils.py:136(_rebuild_tensor_v2)
456,10,0.0,0.0,0.006,0.001, resource_tracker.py:70(ensure_running)
457,4,0.0,0.0,0.006,0.002, resource_tracker.py:145(register)
458,8,0.0,0.0,0.006,0.001, resource_tracker.py:153(_send)
459,7,0.0,0.0,0.007,0.001, serialization.py:45(_is_zipfile)
460,4,0.0,0.0,0.009,0.002, synchronize.py:50(__init__)
461,4,0.0,0.0,0.009,0.002, synchronize.py:161(__init__)
462,4,0.0,0.0,0.009,0.002, context.py:65(Lock)
463,2,0.0,0.0,0.009,0.005, queues.py:339(__init__)
464,2,0.0,0.0,0.009,0.005, context.py:110(SimpleQueue)
465,2,0.0,0.0,0.01,0.005, popen_spawn_posix.py:38(_launch)
466,2,0.0,0.0,0.01,0.005, popen_fork.py:15(__init__)
467,2,0.0,0.0,0.01,0.005, popen_spawn_posix.py:30(__init__)
468,4,0.0,0.0,0.01,0.003, <frozen importlib._bootstrap_external>:1036(get_data)
469,4,0.0,0.0,0.011,0.003, <frozen importlib._bootstrap_external>:916(get_code)
470,4/2,0.0,0.0,0.012,0.006, <frozen importlib._bootstrap_external>:844(exec_module)
471,5/2,0.0,0.0,0.012,0.006, <frozen importlib._bootstrap>:659(_load_unlocked)
472,18,0.012,0.001,0.012,0.001, {method '_share_fd_' of 'torch._C.LongStorageBase' objects}
473,5/2,0.0,0.0,0.012,0.006, <frozen importlib._bootstrap>:967(_find_and_load_unlocked)
474,5/2,0.0,0.0,0.012,0.006, <frozen importlib._bootstrap>:1002(_find_and_load)
475,32,0.013,0.0,0.013,0.0, {method 'read' of '_io.BufferedReader' objects}
476,3,0.014,0.005,0.014,0.005, {built-in method _posixsubprocess.fork_exec}
477,3,0.0,0.0,0.014,0.005, util.py:447(spawnv_passfds)
478,2,0.0,0.0,0.02,0.01, context.py:281(_Popen)
479,2,0.0,0.0,0.02,0.01, process.py:110(start)
480,3,0.032,0.011,0.032,0.011, {method '_share_fd_' of 'torch._C.HalfStorageBase' objects}
481,7,0.0,0.0,0.044,0.006, storage.py:130(share_memory_)
482,7,0.0,0.0,0.044,0.006, _tensor.py:418(share_memory_)
483,1,0.0,0.0,0.044,0.044, dataset.py:96(share_memory_)
484,7,0.054,0.008,0.054,0.008, serialization.py:841(load_tensor)
485,7,0.0,0.0,0.054,0.008, serialization.py:848(persistent_load)
486,7,0.0,0.0,0.06,0.009, {method 'load' of '_pickle.Unpickler' objects}
487,7,0.001,0.0,0.061,0.009, serialization.py:836(_load)
488,7,0.0,0.0,0.073,0.01, serialization.py:502(load)
489,1,0.0,0.0,0.073,0.073, dataset.py:75(<dictcomp>)
490,1,0.0,0.0,0.073,0.073, dataset.py:71(from_path_if_exists)
491,1,0.0,0.0,0.074,0.074, dataset.py:59(from_path)
492,1,0.0,0.0,0.074,0.074, main.py:23(get_dataset)
493,3,0.402,0.134,0.402,0.134, {built-in method posix.waitpid}
494,2,0.0,0.0,0.402,0.201, popen_fork.py:36(wait)
495,5,0.0,0.0,0.402,0.08, popen_fork.py:24(poll)
496,2,0.0,0.0,0.402,0.201, process.py:142(join)
497,2,168.382,84.191,168.382,84.191, {method 'poll' of 'select.poll' objects}
498,2,0.0,0.0,168.382,84.191, selectors.py:403(select)
499,2,0.0,0.0,168.382,84.191, connection.py:922(wait)
500,2,0.0,0.0,168.784,84.392, spawn.py:81(join)
501,1,0.0,0.0,168.815,168.815, spawn.py:168(start_processes)
502,1,0.0,0.0,168.815,168.815, spawn.py:192(spawn)
